{
    "Logistic Regression": {
        "accuracy": 0.851,
        "precision": 0.9304286718200984,
        "recall": 0.8693368351936966,
        "f1_score": 0.8988458927359131,
        "kappa": 0.6173457922804008,
        "mcc": 0.6224991538343475,
        "roc_auc": 0.9109255565604134
    },
    "Naive Bayes": {
        "accuracy": 0.812,
        "precision": 0.8081676518001075,
        "recall": 0.9875246224556796,
        "f1_score": 0.8888888888888888,
        "kappa": 0.31598680727746375,
        "mcc": 0.40068454348983334,
        "roc_auc": 0.8928477530417596
    },
    "SVM": {
        "accuracy": 0.854,
        "precision": 0.9189925119128659,
        "recall": 0.886408404464872,
        "f1_score": 0.9024064171122995,
        "kappa": 0.6130979590917343,
        "mcc": 0.6146733748021432
    }
}