{
    "comparison": {
        "Model": {
            "0": "Linear SVM",
            "1": "RBF SVM",
            "2": "SGD SVM"
        },
        "Accuracy": {
            "0": 0.8715,
            "1": 0.881,
            "2": 0.87
        },
        "Precision": {
            "0": 0.8772348033373063,
            "1": 0.9003115264797508,
            "2": 0.8734476641040805
        },
        "Recall": {
            "0": 0.9665134602757715,
            "1": 0.9487852921864741,
            "2": 0.9697964543663822
        },
        "F1-Score": {
            "0": 0.9197125898156826,
            "1": 0.9239130434782609,
            "2": 0.9191039203484754
        },
        "ROC AUC": {
            "0": 0.9107961639212026,
            "1": 0.9252151840885596,
            "2": 0.9060237779622311
        },
        "Training Time (s)": {
            "0": 0.5345439910888672,
            "1": 17.566949129104614,
            "2": 0.5195410251617432
        }
    },
    "best_params": {
        "classifier__C": 1.0,
        "tfidf__max_features": 10000,
        "tfidf__ngram_range": [
            1,
            2
        ]
    },
    "training_times": {
        "Linear SVM": 0.5345439910888672,
        "RBF SVM": 17.566949129104614,
        "SGD SVM": 0.5195410251617432
    },
    "best_model_performance": {
        "accuracy": 0.873,
        "precision": 0.8792588164973102,
        "recall": 0.9658568614576494,
        "f1_score": 0.9205256570713392,
        "roc_auc": 0.9120419122029648
    }
}