{
    "comparison": {
        "Model": {
            "0": "Multinomial",
            "1": "Complement",
            "2": "Bernoulli"
        },
        "Accuracy": {
            "0": 0.8715,
            "1": 0.868,
            "2": 0.828
        },
        "Precision": {
            "0": 0.9057692307692308,
            "1": 0.9239057239057239,
            "2": 0.8645640074211502
        },
        "Recall": {
            "0": 0.927774130006566,
            "1": 0.9008535784635587,
            "2": 0.9179251477347341
        },
        "F1-Score": {
            "0": 0.9166396367174829,
            "1": 0.9122340425531915,
            "2": 0.8904458598726115
        },
        "ROC AUC": {
            "0": 0.8975554426811256,
            "1": 0.897553377904968,
            "2": 0.8892660546670136
        }
    },
    "best_params": {
        "classifier__alpha": 0.5,
        "vectorizer__max_features": 20000,
        "vectorizer__min_df": 2,
        "vectorizer__ngram_range": [
            1,
            3
        ]
    },
    "ensemble_performance": {
        "accuracy": 0.869,
        "f1_score": 0.915100453661698,
        "roc_auc": 0.9118505762790257
    }
}